country,genre,topic,author,name,description,year
čeští,sci-fi,dospívání,Iva Procházková,Soví zpěv,"Brémy 2046. Déšť. Vytrvalý, intenzivní, bez konce. Přesto život plyne dál, podle obvyklých pravidel vyspělé civilizace, s jistotou technické dokonalosti. Přívaly kalných vod však protrhnou „absolutně bezpečnou“ Novou hráz... Sedmnáctiletý Armin, jeho devítiletá sestřička Géza a Rebeka, dívka plná otazníků, spolu prožívají tváří v tvář katastrofě vzrušující drama, při němž místo technických zázraků rozhodnou lidské city a činy.",2007
čeští,sci-fi,vesmír,Jaroslav Kalfař,Kosmonaut z Čech,"Jakub Procházka byl vyvolen jako muž, který bude tvořit jednočlennou posádku rakety vyslanou na nebezpečnou misi k Venuši. Osamělý v nesmírnosti kosmu pohlíží Jakub na řadu věcí jinak než dřív, až se v raketě jako jeho nepravděpodobný společník objeví (snad jen imaginární) mimozemský pavouk. Zatímco spolu vedou filosofické debaty o povaze lásky, života a smrti, ale také lahodné chuti špeku, vytvoří se mezi nimi silné emocionální pouto. Čtivý a napínavý příběh skýtá řadu překvapení a zvratů. A kdo se spolu s ním vydá na cestu do hlubin kosmonautovy duše, možná se ani nebude chtít vracet. ",2017
zahraniční,sci-fi,mimozemská civilizace,Marissa Meyer,Renegáti,"Renegáti jsou syndikát lidí s neobyčejnými schopnostmi. Vynořili se z trosek zničené společnosti a zavedli znovu řád tam, kde dosud vládl chaos. Jako obhájci práva a spravedlnosti jsou pro všechny symbolem odvahy a naděje. Výjimkou jsou zločinci, které kdysi svrhli. Nova má důvod Renegáty nenávidět a touží po pomstě. Jenže na cestě za svým cílem potká Adriana, který je Renegát. Dosáhne Nova nakonec své pomsty?",2018
zahraniční,sci-fi,mimozemská civilizace,Stephenie Meyer,Hostitel,"Melanie Stryder se odmítá vzdát. Náš svět napadl neviditelný nepřítel. Lidé se pro tyto mimozemšťany mění na pouhé hostitelské tělo; jejich mozek ovládne vetřelec, ale tělo zůstává netknuté a zdánlivě beze změny pokračuje v předchozím životě. Obětí mimozemšťanů se rychle stane drtivá většina lidstva. Když vetřelci dopadnou i Melanii, jednu z hrstky přežívajících „divokých“ lidí, dívka vůbec nepochybuje, že nastal její konec. „Poutnice“ – její vetřelecká „duše“ – která teď ovládla Melaniino tělo, dostala předem varování před problémy existence v člověku: změť pronikavých emocí, příliš mnoho smyslů, vypjatě živé vzpomínky. S jednou potíží však Poutnice nepočítá: předchozí obyvatelka těla se odmítá vzdát vlády nad svou myslí, i když tělo jí už nepatří. Poutnice bádá v Melaniiných myšlenkách a doufá, že objeví příčinu nezdolného lidského vzdoru. Místo toho Melanie naopak zaplní mysl Poutnice vzpomínkami a podobou milovaného muže – Jareda, který se dosud někde skrývá před vetřelci. A jelikož Poutnice se nemůže oddělit od Melaniiny tělesné touhy, sama začne prahnout po muži, jehož má odhalit. Když vnější okolnosti přinutí Poutnici a Melanii, aby uzavřely nedobrovolné spojenectví, vydají se spolu na nebezpečnou a nejistou pouť za mužem, kterého obě milují. Stephenie Meyerová patří k nejzajímavějším autorům současnosti. Ve svém Hostiteli nám předkládá strhující a nezapomenutelné dílo o vytrvalosti lásky a o samotné podstatě toho, co člověka dělá člověkem.",2009
zahraniční,sci-fi,vesmír,Douglas Adams,Stopařův průvodce Galaxií,"Příběh začíná zničením Země, která musí udělat místo nové galaktické dálnici. Hlavní hrdina příběhu, docela obyčejný pozemšťan jménem Arthur Dent, má to štěstí, že s pomocí svého přítele Forda Prefecta, údajně nezaměstnaného herce, z něhož se vyklube mimozemšťan, stopne kosmickou loď, a tak se mu podaří uniknout z místa katastrofy.
Toto je první díl sedmidílné série.",2011
zahraniční,sci-fi,vesmír,Ray Bradbury,Marťanská kronika,"Kniha zachycuje události dvou planet ovládaných lidským pokolením mezi lety 1999 až 2026 okem spisovatele z poloviny minulého století, děsivou vizi budoucnosti odrážející lidský duch v celé jeho kráse a zrůdnosti. Na Rudou planetu ze Země startují jedna raketa po druhé, expedice za expedicí, snažící se prozkoumat neznámá území nebeského tělesa. Každá ze skupinek se tu setkává různým způsobem s původním obyvatelstvem – marťany. Ti si vybudovali v průběhu věků vyspělou společnost plnou výstavních měst, hradů a zámků, umění a vědy, která stojí na základní vlastnosti celé populace – telepatii.",1991
zahraniční,sci-fi,krize civilizace,John Wyndham,Den trifidů,"Ten zážitek si málokdo na světě chtěl nechat ujít. Tajemné zelené záblesky, snad až odkudsi z hlubin vesmíru, šlehaly oblohou, celou noc trvala ta ohromující podívaná. Pro drtivou většinu lidstva to byla poslední věc, kterou viděla. Nadpozemský jev většinu zemské populace oslepil. Jedna katastrofa by však planetu nezdecimovala. Musela se k ní připojit druhá. Průmyslové rostliny, genetickou mutací proměněné v pohyblivá, jedovatě žahající monstra, využijí oslabení pána tvorstva a začnou jej systematicky vyhlazovat z povrchu zemského.
Nastal den trifidů. Bude zároveň posledním dnem člověka? Na to odpovídá klasická katastrofická sci-fi britského autora, nad jejíž četbou se nechce věřit, že vznikla před více než půl stoletím.",1993
zahraniční,sci-fi,krize civilizace,Suzanne Collins,Hunger games - série,"Knižní série s antiutopickými prvky. Skládá se z trilogie, která sleduje příběh Katniss Everdeenové. Odehrává se v dystopickém státě Panem, který se skládá z bohatého Kapitolu a 13 krajů. Každý rok jsou vylosovány dvě děti – chlapec a dívka – z 12 krajů, aby bojovaly na život a na smrt v aréně v televizní reality show Hunger Games, která může mít jen jednoho vítěze.",2010
zahraniční,sci-fi,krize civilizace,Veronica Roth,Divergence,"Hlavní hrdinka Beatrice žije v Chicagu budoucnosti, kde je společnost rozdělena do 5 frakcí a každá z nich se věnuje pěstování určité ctnosti – Odevzdanost, Neohroženost, Sečtělost, Mírumilovnost a Upřímnost. Každý rok ve stanovený den si musí všichni šestnáctiletí vybrat jednu z frakc í, do níž budou patřit po celý svůj život. Beatrice se rozhoduje mezi tím, jestli zůstane s rodinou, nebo bude sama sebou – obojí mít nemůže…",2012
zahraniční,sci-fi,krize civilizace,Veronica Roth,Rezistence,"Měl to být pro Tris šťastný a slavnostní den, ale všechno dopadlo úplně jinak. Po krvavé tragédii mezi frakcemi vzrůstají konflikty a nad společností se vznáší válka. Tris se musela rozhodnout už jednou – a teď ji čeká další volba. Dřívější rozhodnutí, obavy, zármutek i provinilos t, to vše ji teď dostihlo a Tris nezbývá než bez výhrad přijmout svou Divergentní identitu. Dokáže se ale vyrovnat se vším, co to znamená?",2012
zahraniční,sci-fi,krize civilizace,Veronica Roth,Aliance,"Na frakcích založená společnost, v níž Tris Priorová kdysi věřila, je v troskách – zničená násilím a mocenskými boji, zjizvená ztrátou a zradou. Když tedy dostane možnost prozkoumat venkovní svět, neváhá, je připravená. Třeba právě za plotem ona i Tobias naleznou společný lehčí ž ivot, svobodný od zbytečně komplikovaných lží, zamotaných vztahů a bolestných vzpomínek.\n\nAle Trisina nová realita je mnohem alarmující než ta, co nechala za sebou. Staré objevy jsou rychle zbaveny své důležitosti. Výbušné nové pravdy mění srdce těch, které miluje. A Tris tak znovu musí bojovat, aby dokázala pochopit složitost lidské povahy – i své vlastní – zatímco čelí rozhodování o odvaze, oddanosti, obětavosti a lásce.",2014
zahraniční,fantasy,dobrodružství,J. R. R. Tolkien,Hobit aneb Cesta tam a zase zpátky,"Toto je příběh o tom, kterak se Frodo Pytlík vydal za dobrodružstvím a shledal, že náhle dělá a říká naprosto neočekávané věci… Bilbo Pytlík je hobit, který se těší z pohodlnéh a skromného života a jen zřídkakdy putuje dále než do své spižírny ve Dně pytle. Jeho spokojené bytí je však narušeno, když se jednoho dne u jeho prahu objeví čaroděj Gandalf v doprovodu třinácti trpaslíků a vezmou ho s sebou na cestu ""tam a zase zpátky"". Mají v úmyslu uloupit poklad mocného Šmaka, velikého a velmi nebezpečného draka.",1937
zahraniční,fantasy,dobrodružství,J. R. R. Tolkien,Pán prstenů,"Strhující trilogie o hrdinné cestě malého hobita Froda Pytlíka za záchranu dávné Středozemě a jejích rozmanitých obyvatel před věčnou tmou a zlým čarodějem Sarumanem je příběh, kde hlavní roli hraje kouzelný prsten. Prsten, který je lépe nemít, a přitom po něm všichni touží.",1954
zahraniční,fantasy,dobrodružství,Terry Pratchett,Zeměplocha - série,"Série románů, povídek a dalších děl odehrávající se ve smyšleném světě Zeměplocha, jež je místo ležící na hřbetě želvy, která cestuje vesmírem. Terry Pratchett v těchto dílech často parodizuje známé fantasy příběhy, například díla J. R. R. Tolkiena. Kdo se chce zasmát a pobavit satiricky laděnou prózou, jsou pro něj příběhy Zeměplochy to pravé.
V sérii se objevuje několik postav, jež knihy propojují. Seznámit se tak můžete například s Mrakoplašem, Smrtěm, Městskou hlídkou, Toničkou Bolavou nebo čarodějkami. ",od 1983
zahraniční,fantasy,dobrodružství,John Flanagan,Hraničářův učeň - série,"Série příběhů o hraničáři Willovi a jeho přátelích. Will vyrůstá v opatrovně pro nalezence na hradě Redmontu. Sní o tom, že se jednou stane rytířem, ale kvůli své drobné postavě se musí tohoto snu vzdát. Zklamaného Willa vezme do učení hraničář Halt, uznávaný dokonce i ostřílenými rytíři. A hraničářské řemeslo se nakonec Willovi zalíbí tak, že by ho neměnil za nic na světě. ",od 2004
zahraniční,fantasy,dobrodružství,John Flanagan,Bratrstvo - série,"Děj série Bratrstvo je zasazen do Skandie, drsné země námořníků a bojovníků. Hlavní hrdinou série je šestnáctiletý Hal Mikkelson a jeho přátelé Volavky, Stig, Ingvar, Lydia, Stefan, Jesper, Ulf, Wulf, Thorn a Edvin, kteří se stali bratrstvem spíše náhodou, ale nejednou čtenáře překvapí, že družstvo, které se zdá na první pohled slabé a zranitelné, dokáže nevídané věci a umí se semknout a být věrné své věci a hlavně svému národu. Všechny knihy popisují život ve Skandii a dobrodružství mladých Skandijců, kteří se v některých z dílů dostanou daleko za břehy Skandie a zvládnou i to, co by nemuseli zvládnout jejich starší krajané.",od 2011
zahraniční,fantasy,magie,J. K. Rowling,Harry Potter - série,"Řada fantasy románů britské spisovatelky J. K. Rowlingové. Romány zachycují dobrodružství mladého kouzelníka, Harryho Pottera, a jeho přátel, Ronalda Weasleyho a Hermiony Grangerové, kteří všichni studují na Škole čar a kouzel v Bradavicích. Hlavním tématem příběhu je Harryho souboj s černokněžníkem Tomem Rojvolem Raddlem, známým spíše jako Lord Voldemort, jehož cílem je dosažení vlastní nesmrtelnosti, dobytí kouzelnického světa, podmanění nekouzelníků (mudlů) a zničení všech, kdo mu stojí v cestě, zejména pak samotného Harryho Pottera.",od 1998
zahraniční,fantasy,magie,Ransom Riggs,Sirotčinec slečny Peregrinové,"Tajemný ostrov. Opuštěný sirotčinec. Zvláštní sbírka velice podivných fotografií. To vše čeká na odhalení v knize Sirotčinec slečny Peregrinové pro podivné děti, nezapomenutelném románu, kde děj a děsivé fotografie přináší jedinečný čtenářský zážitek. Náš příběh začíná strašnou rodinnou tragédií, která přivede šestnáctiletého Jacoba k cestě na vzdálený ostrov u břehů Walesu, kde objevuje rozpadající se trosky sirotčince slečny Peregrinové pro podivné děti. Když Jacob bloumá jeho opuštěnými ložnicemi a chodbami, ukazuje se postupně, že děti slečny Peregrinové byly víc než podivné. Byly možná nebezpečné. Možná byly na opuštěném ostrově drženy v jakési karanténě z velmi dobrých důvodů. A nějak – i když to zní jako něco nemožného – jsou možná stále naživu.",2012
zahraniční,fantasy,říše fantazie,Lewis Carroll,Alenka v říši divů,"Alenka se pustí do pronásledování bílého králíka, který kolem ní proběhl. Spadne do králičí nory, která se ukáže být branou do podivného světa, ve kterém jsou přírodní zákony vystřídány neomezenou fantazií, překrásně zobrazenou nádhernými ilustracemi, které vykreslují veškeré kouzlo tohoto zázračného světa.",1865
zahraniční,fantasy,dobrodružství,Christopher Paolini,Eragon,"První díl trilogie Odkaz Dračích jezdců je příběh chudého farmářského chlapce, který najde v Dračích horách modrý kámen, z něhož se vyklube dračí mládě – Safira. Spolu se vydají na nebezpečnou cestu královstvím ovládaným králem, jehož zlo nezná mezí. Dokáže Eragon naplnit své předurčení a převzít břímě le gendárních Dračích jezdců? Osud království možná leží v jeho rukou.",2004
zahraniční,fantasy,dobrodružství,Clive Staples Lewis,Letopisy Narnie,"Sedmidílný cyklus fantasy knih pro děti, které napsal britský autor. Pojednávají o dobrodružství několika dětí, které se dostávají do fantastické země Narnie. Žijí zde mluvící zvířata, existuje magie (která však má jiný význam než v klasickém pojetí – není autonomní silou, ale Stvořitelem daný řád, podle něhož funguje Narnijský svět) a dobro se musí postavit zlu, v čemž děti sehrají klíčovou úlohu. Knihy jsou alegorií základních konceptů křesťanství.",od 1950
zahraniční,fantasy,cestování časem,Marianne Curley,Strážci času - série,"Trilogie Strážci času vypráví o skupině lidí chránících historii. Žádný z nich neví o svých spolubojovnících, jednotliví členové znají pouze Tribunál a možná jednoho či dva další druhy. Identita strážců je přísně tajná, takže se může snadno stát, že dva takoví jedinci žijí vedle sebe, aniž by o sobě věděli.",od 2006
čeští,pohádky,životní moudrost,Jan Werich,Fimfárum,"Vydání půvabných pohádek plných humoru, jazykového vtipu i poučení. Jejich autor si v nich vzal na mušku některé lidské vlastnosti a zlořády. Knížka okouzluje krásou češtiny, hravostí a moudrostí vypravěče a potěší děti i dospělé. Mnohé z Werichových pohádek se dočkaly i filmové či televizní podoby (Tři veteráni, Lakomá Barka nebo Královna Koloběžka První).",1992
čeští,pohádky,dobrodružství,Markéta Pilátová,Víla Vivivíla,"Máte rádi pohádky? Punkové pohádky? Jestli nevíte, co to je, vydejte se v noci se zvědavou vílou Vivivílou, která trochu moc vyplazovala jazyk, vždycky měla svou hlavu a klidně nosila nevílácké kalhoty, z bažin do Břevnova.
",2009
čeští,pohádky,životní moudrost,Karel Čapek,Devatero pohádek,"Kniha Karla Čapka Devatero pohádek a ještě jedna od Josefa Čapka jako přívažek je soubor pohádek. S milým, vstřícným humorem autor pomocí pohádkových příběhů objasňuje spoustu jevů běžného života a popisuje, co se děje ve chvílích a na místech, kam málokdy je člověk puštěn. Vysvětlí nám spoustu faktů z psí a kočičí říše nebo z profese pošťácké, loupežnické či vodnické.",1932
čeští,pohádky,zvířata,Karel Čapek,Dášeňka čili život štěněte,"Jedna z nejoblíbenějších českých dětských knížek. Karel Čapek si pořídil do domu na Vinohradech nejprve airdala, pak drsnosrstého teriéra Iris, mámu Dášeňky. Tahle krásná knížka kromě Života štěněte obsahuje i kapitoly Jak se fotografuje štěně a Pohádky pro Dášeňku, O psích zvyc ích nebo třeba O lidech. Půvabné vyprávění i obrázky budou provázet vaše děti po celý život.",1933
čeští,pohádky,dobrodružství,Pavel Šrut,Lichožrouti,"Je to nejobratnější lupič všech dob a dosud nikdy nebyl dopaden. Možná i vám se včera nebo právě v této chvíli ztratila ponožka. Kdo za to může? Lichožrout! Záhadný tvor, který žere ponožky a z párů dělá licháče.\nDo jejich tajemného světa pronikla autorská a ilustrátorská dvojice Pavel Šrut – Galina Miklínová a vynořila se s napínavým a vtipným příběhem jedné lichožroutí rodinky, starého mládence pana Vavřince a malého nešiky lichožrouta Hihlíka.",2008
zahraniční,pohádky,životní moudrost,Antoin de Saint-Exupéry,Malý princ,"To důležité vidíme srdcem! S Malým princem se v africké poušti setkává opuštěný letec, autor této moderní pohádky. Zatímco se pokouší opravit havarovaný stroj, povídají si o všeličem. O tajemství podivuhodné pouti Malého prince, o dobru a zlu, o přátelství a kráse, o pravém štěstí, o odpovědnosti za ty, které máme rádi. A vůbec nezáleží na tom, odkud pocházíme: Malý princ pocházel z tak malinké planetky, že si to možná ani neumíme představit. Ale věděl, že je třeba chránit květinu, kterou vypěstoval, a že mu to přineslo radost.",1943
čeští,faktografická literatura,historie,Kateřina Tučková; Renáta Fučíková; Lenka Křížová,Hrdinky: Příběhy významných českých žen,"Medailonky významných českých žen z různých oborů lidské činnosti nás seznamují s jejich životním příběhem a zároveň i přibližují dobu, ve které žily. Byly odvážné. Mnohdy předběhly dobu. Šly si za svým a někdy za odvahu zaplatily cenu nejvyšší. Ale svým příběhem inspirovaly tisíce a miliony dalších žen, které dnes díky nim mohou žít svobodně a podle svých představ. Strhující vyprávění o šedesáti výjimečných a leckdy zapomenutých hrdinkách z české kotliny od těch nejdávnějších dob až po současnost doprovází originální portréty od studentů, textové medailony Kateřiny Tučkové a historické vstupy Renáty Fučíkové, které ukazují, jak se žilo ženám v různých obdobích dějin.",2020
čeští,faktografická literatura,historie,Renáta Fučíková,Tomáš Garrigue Masaryk,"Je to vůbec první kniha, která osobu T. G. Masaryka zpřístupní dětem a mládeži. Text knihy, který si psala sama ilustrátorka a byl odborně redigován, je živě propojen s ilustracemi, které mají blízko ke klasické ilustraci i ke komiksu. Rozevřená kniha svou pestrostí připomene dobové noviny. T. G. Masaryk a vznik Československa poprvé také pro děti.",2006
čeští,faktografická literatura,historie,Renáta Fučíková,Jan Amos Komenský,"Přední česká ilustrátorka tu jedinečným způsobem představuje nelehkou životní pouť T. G. Masaryka a spolu s ním důležité období české historie. Citlivě ztvárňuje také příběh rodiny žijící ve stínu mimořádného otce, příběh vnímavé a obětavé manželky a matky Charlotty.V. neposlední řadě též příběh národa této země, který po staletích dosáhl samostatnosti a vyrovnal se nejvyspělejším národům světa.",2008
čeští,faktografická literatura,historie,Alena Ježková; Renáta Fučíková,Karel IV.,"Doba panování Karla IV. je právem považovaná za zlatý věk českých dějin. Jaký ale doopravdy byl český král a římský císař, co všechno vykonal? Odpověď vám dá kniha plná ilustrací stejně delikátních, jaké známe z iluminovaných rukopisů vrcholného středověku. Dozvíte se, že Karel IV. byl nejen stavitelem mostů, hradů a měst. Velkou část svého života prožil na cestách mezi významnými městy tehdejší Evropy, jako byla Paříž, Milano, Benátky, Avignon, Řím, Florencie, Cáchy, Norimberk. Byl diplomatem a urovnával spory mezi panovníky, ale zároveň byl i válečníkem. Pro české země získal nová území.
Velký odkaz zanechal Karel IV. v oblasti vědění, literatury a zákona. Sepsal legendy o životě nejstarších Přemyslovců, podílel se na vzniku kronik, sestavil nový zákoník, uprostřed Evropy založil univerzitu. Pečoval o rozvoj obchodu, umění a řemesel.",2016
čeští,faktografická literatura,historie,Milada Motlová,Praha známá i neznámá,"Praha známá i neznámá je knížka o pozoruhodných památkách, místech i událostech krásného města s tisíciletou pamětí. Vede čtenáře po stopách historie Pražského hradu, Hradčan a Malé Strany přes Vltavu s jejími ostrovy a mosty na Staré a Židovské Město, Novým Městem na Vyšehrad i k místům za hradbami: Kapitoly o významných památkách jsou zpestřeny známými i méně známými historkami a pověstmi, doplňují je zajímavosti o životě ve staré Praze, přehledy historických dat, patronů pražských kostelů, církevních řádů, panovníků a vysvětlivky. Je určena všem, kteří chtějí Prahu nejen vidět, ale také se o ní něco dozvědět.",2004
čeští,faktografická literatura,historie,Břetislav Vachala,Staří Egypťané,"Autor, přední český egyptolog (současný zástupce ředitele Egyptologického ústavu UK v Praze), archeolog a diplomat, za dlouhá léta studií i pobytu v Egyptě důvěrně poznal jak zemi, tak její památky. Čtivým jazykem přináší čtenáři uvážlivý výběr z toho nejzajímavějšího, co staro egyptská civilizace vytvořila, ale podává rovněž pestrý obraz různých aspektů života tehdejších lidí. Knížku ocení v neposlední řadě i ti, kteří si vybrali Egypt jako cíl své dovolené.",2001
čeští,faktografická literatura,život,Ladislav Špaček,Slon v porcelánu aneb Jak se neztratit v labyrintu etikety,"Univerzální rádce pro děti a mládež: v knize najdete vše, co potřebujete, abyste elegantně a s přehledem zvládli každodenní i výjimečné situace. Vtipná knížka odborníka na slušné chování s množstvím názorných ilustrací. Předcházet netaktnostem a trapným situacím je lepší, než je později napravovat. Naše chování je ta nejlepší prezentace a tato kniha je právě o tom, jak se zachovat v každodenních situacích, ale i při slavnostních příležitostech. Dobré vychování je dnes opět žádané a nepostradatelné pro každého, kdo chce být úspěšný!",2006
čeští,faktografická literatura,historie,Lenka Procházková,Slunce v úplňku - Příběh Jana Palacha,"Příběh o osobnosti studenta Jana Palacha, který se stal symbolem českého odporu proti invazi vojsk Varšavské smlouvy v srpnu 1968, z historicko-politického pohledu detailně líčí události i atmosféru ve společnosti až do ledna 1969. Lenka Procházková se pokouší ze skromných indicií vytvořit obraz charakteru a osobnosti člověka, pro něhož invaze a pozdější reakce veřejnosti i vlády na ruskou okupaci byly podnětem k promyšlenému burcujícímu činu, který otřásl celou společností pomalu upadající do normalizačních podmínek. vytvořila postavu citlivého, realisticky uvažujícího a politicky vyzrálého mladého muže, který věřil, že svým sebezničujícím činem dává společnosti poslední šanci na dosažení politické změny.",2008
čeští,faktografická literatura,historie,Bořivoj Záruba,Jak se loví dinosauři,"Kniha o historii, zajímavostech a záhadách planety Země, která se čte jako detektivní román, je dílem erudovaného paleontologa a úspěšného autora mnoha polulárně naučných knih pro mládež i dospělé čtenáře. V knize, doplněné mnoha fotografiemi a ilustracemi, se snaží najít odpověď na nejrůznější otázky, které napadají obyvatele modré planety: Co dokážou sopky? Jak to bylo s potopou světa? Kde leží kolébka lidstva? Kdo byli převozníci života? Kde má historie Země začátek. Dá se přejít do Ameriky suchou nohou?",2007
zahraniční,faktografická literatura,život,Satchin Panda,Cirkadiánní kód,"Je to tak snadné: stačí udržovat skrytý rytmus těla, které střídavě zapíná a vypíná své funkce, aby kromě práce zvládlo i regeneraci – a naše zdraví se zase vrátí ke své dokonalosti. Kdyby ale byly tyto poznatky tak samozřejmé, objevy na poli cirkadiánních rytmů by byly v roce 2017 je n těžko vyznamenány udělením Novelovy ceny. Civilizační výdobytky nám totiž tyto evolučně nastavené procesy skryly. S Pandovou poutavou knihou držíte v rukou příležitost, jak seřídit hodiny svého těla a trvale dosáhnout fyzické a duševní pohody. Naučíte se ovládat intenzitu světla, načasovat správně své jídlo, vyladit pohybovou aktivitu a oddávat se hlubokému spánku. Během několika týdnů zjistíte, jak skvělé je žít ve zdravém těle plném energie.",2020
zahraniční,faktografická literatura,život,Matthew Walker,Proč spíme,"Kolik hodin jste dnes v noci spali? Pokud méně než osm, pak asi stejně jako většina lidstva trpíte spánkovou deprivací. A přicházíte o to nejlepší. Lidé, kteří si dopřávají dostatek spánku, jsou zdravější, chytřejší, štíhlejší, atraktivnější a šťastnější. Příčinu své úna vy a zdravotních potíží hledejte v nedostatku kvalitního spánku a pak teprve jinde.\n\nKniha předního světového neurovědce Matthewa Walkera odkrývá nejnovější poznatky z výzkumu spánku a ukazuje, že evoluce nás touto bezbrannou a neproduktivní fází denního rytmu nevybavila náhodou. Díky převratnému rozvoji a dostupnosti zobrazovacích metod dokáže věda poprvé v historii zodpovědět, proč vůbec spíme, jak spánek prospívá našemu tělu a mozku a proč má neřešená dlouhodobá spánková deprivace tak ničivé následky pro naše zdraví.\n\nWalker fascinujícím způsobem objasňuje vliv spánku na logické rozhodování, učení a paměť, na seřizování našich emocí a imunitní systém, ale i metabolismus a chuť k jídlu. A přesvědčivě dokládá, že chronický nedostatek kvalitního spánku nás může nejen mnoha různými způsoby zabít, ale také ovlivnit rozhodování a chování celé společnosti.\n\nSeznamte se i vy s posledními vědeckými objevy, díky nimž pochopíte, jaký elixír zdraví, štěstí i moudrosti ve svých životech (a postelích) máme. V knize najdete i rady, jak odstranit různé špatné návyky a další překážky, které brání kvalitnímu spánku vás i vašich blízkých. ",2018
zahraniční,faktografická literatura,historie,Barbara Cartland,Sissi - Soukromý život Alžběty; císařovny rakouské,"Se sympatiemi a pochopením pojatá biografie manželky Františka Josefa I., jejíž život byl nerozlučně spjatý s historií a osudem dynastie.\n\nAutorka zachycuje osud ženy, poznamenaný rodinnou výchovou na dvoře bavorského vévody, aristokratickou tradicí, ale zejména diktaturou tchyně, arcivévodkyně Žofie a manželovou oddaností k matce, dvorskému ceremoniálu a službě říši.",1992
čeští,dobrodružná literatura,dobrodružství,František Novotný,Robinson Crusoe,"Nové převyprávění nesmrtelného příběhu o světoznámém trosečníkovi klade důraz na vlastnosti, bez nichž se člověk, jenž chce přežít v nebezpečných podmínkách, nedokáže obejít. A to ani v dnešní době. Odvaha, vytrvalost a zejména zdravý rozum hlavnímu hrdinovi Robinovi rozhodně nechybí. Jinak by nedokázal přežít všechny strasti, které ho čekají?",2005
čeští,dobrodružná literatura,dobrodružství,Jaroslav Foglar,Záhada hlavolamu,"Hlavní roli v knize hraje chlapecký klub Rychlé šípy, již dříve čtenářům známý z komiksů. Foglar v knize poprvé představuje záhadnou čtvrť Stínadla a organizaci Vontů, hlavolam zvaný „ježek v kleci“ a ztraceného vynálezce Jana Tleskače, motivy později využité v dalších knihách, které se následně staly téměř kultovní součástí české kultury.",1941
čeští,dobrodružná literatura,dobrodružství,Jaroslav Foglar,Stínadla se bouří,"Po několika měsících klidu jsou Stínadla opět v pohybu. Nečekaná zpráva o znovunalezeném ježkovi v kleci spustí smršť nových událostí, vontské hnutí ožije a schyluje se k volbě Velkého Vonta. Pro všechny z okolních čtvrtí tak začíná být ve Stínadlech opět nebezpečno. To nemůžou Rychlé šípy nechat bez povšimnutí a samy se pouštějí do pátrání po hlavolamu. Chtěly by totiž získat plánek létajícího kola, který je v něm ukrytý.",1947
čeští,dobrodružná literatura,dobrodružství,Jaroslav Foglar,Hoši od Bobří řeky,"říběh o skautských výpravách, plnění bobříků, i o ryzím přátelství. Vedoucí Rikitan dá dohromady partu dvanácti chlapců a utvoří oddané bratrstvo. Každý z nich je jiný, ale všichni se navzájem skvěle doplňují. Rikitan pro chlapce vymýšlí zábavné hry, aby je vedl k čestnosti, fyzické síle i moudrosti. Společně si zamilovávají přírodu a podle zálesáka Roye loví bobříky. Stávají se tak věrnými kamarády, kteří spolu zažívají nezapomenutelná dobrodružství.",1937
čeští,dobrodružná literatura,dobrodružství,Jaroslav Foglar,Tajemství Velkého Vonta,"Po neklidné éře bezvládí ve Stínadlech zvítězilo vontské hnutí Žlutý květ. Velkým Vontem se stal Vláďa Dratuš, ale v poslední době s ním cosi není v pořádku – chová se čím dál nervózněji, a navíc se ulicemi šíří zvěsti, že přišel o ježka v kleci. Kdo je tajemný Cizinec, který Vláďu v poslední době navštívil, a co mu chtěl? Rychlé šípy musejí záhadě přijít na kloub dřív, než Stínadla opět zachvátí vlna násilí a nejistoty.",1986
čeští,dobrodružná literatura,historie,Eduard Štorch,Lovci mamutů,"Tento příběh vypráví o kmeni pravěkých lidí „Lovců mamutů“. Udál se asi před dvaceti až třiceti tisíci lety. Tehdy žila na Bílé skále tlupa pravěkých lidí. Ovládali jednoduchou řeč a doplňovali ji posunky a mimikou v obličeji.\nVěděli, že je oheň nejen zahřeje, ale dokáže upé ct maso a chránit před divokou zvěří. Oheň hořel před vchodem do jeskyně, aby dovnitř nemohly šelmy. Tehdy ho ještě neuměli rozdělat, tak spoléhali na přírodu a oheň donášeli.\nPříběh nám bude vyprávět o tom, jak lovili zvěř a jak z ní vše dokázali zužitkovat. Vnitřnosti zvěře jedli syrové, protože byly ještě teplé. Stažené kůže hned zpracovávaly ženy a děti. Lovili například zubry, lišky, ryby, ale také vlky a mamuty. Věřte, chytit takového mamuta je věc těžká, na kterou se museli dlouho připravovat. Museli nejdřív vykopat obrovskou jámu, do které toho mamuta museli vehnat.\nUčili se také vyrábět si nástroje, jako je například kámen opracovaný do tvaru slzy (pazourek). Díky pazourku, který poté použili na rozbíjení kamenů, dokázali vykřesat oheň. Ale to chtělo zručnost a trpělivost.\nPozději se jim podařilo dokonce rozdělat oheň za pomoci kousku dřeva. Oheň byl totiž v pravěku největší vynález pravěkých lidí a měl pro ně opravdu obrovský význam.\nDovídáme se tu také o cizích tlupách, například jak mezi sebou bojovali o území, o kořist atd. Při lovu nebo boji o území zahynula velká spousta pravěkých lidí. Byl to pro ně boj na život a na smrt.",1918
čeští,dobrodružná literatura,dobrodružství,Martin Vopěnka,Spící město,"Co kdybyste jednoho rána zjistili, že vaši rodiče nejsou k probuzení? Přesně tak začíná napínavý příběh Spícího města. Čtyři vyděšení sourozenci Kryštof, Samuel, Kristýna a Ema postupně zjišťují, že nespí jen jejich rodiče, ale úplně všichni lidé, kteří kdy měli děti. Všude zavládne chaos, na ulicích přestane být bezpečno a děti nevědí, co dělat. Musí se ale o sebe postarat. Tím spíš, když toho nejmladšího, Samuela, někdo odveze neznámo kam. Nastává dobrodružná cesta za záchranou malého brášky. Děti během ní poznávají, jak je důležité držet při sobě, pomáhat si a nedat se. Shledají se všichni sourozenci? A probudí se jejich rodiče z podivného spánku? ",2011
čeští,dobrodružná literatura,život,Eduard Bass,Cirkus Humberto,"Bass zde na pozadí cirkusu sleduje tři generace cirkusáků. Ústřední postavou je Vašek Karas, syn šumavského zedníka, který odejde k cirkusu, nakonec se ožení s dcerou ředitele a sám se později stane ředitelem cirkusu, předtím však vystřídá mnoho různých profesí u cirkusu.",1941
čeští,dobrodružná literatura,dobrodružství,Vojtěch Matocha,Prašina,"Prašina je tajuplné místo, temný ostrov uprostřed zářící Prahy. Nikdo neví proč, ale na Prašině nefunguje elektřina. Lampy tu nesvítí, tramvaje nejezdí, rádio nehraje, mobil je bez signálu. A v téhle strašidelné čtvrti pátrá Jirka se svými kamarády Tondou a En po dávném tajemství, kte ré by mohlo změnit svět. Jejich dobrodružství je o to nebezpečnější, že při něm musejí čelit partě všeho schopných dospělých chlapů, kteří mají stejný cíl. Foglarovsky laděný a mimořádně napínavý příběh doplňují ilustrace, které čtenáře vezmou přímo do nitra Prašiny.",2018
zahraniční,román,život,John Green,Hvězdy nám nepřály,"Hazel diagnostikovali ve třinácti letech rakovinu. Teď je jí šestnáct a rakovina je v posledním stadiu. Nikdo neví, jak dlouho bude žít, ale vědí, že smrt je nevyhnutelná. Hazel tráví dny sledováním nekonečného pořadu Amerika hledá topmodelku a čtením oblíbené knížky od holandského spisovatele Petera Van Houtena. Začne z donucení rodičů chodit do podpůrné skupiny, kde se schází lidé s rakovinou. Tam se seznámí s okouzlujícím Augustem Watersem, jenž vyšel z boje s rakovinou s amputovanou nohou. Začnou spolu trávit čas a Gus probudí v Hazel chuť znovu žít. Hazel si ale uvědomuje, že může každým dnem zemřít, proto se do Guse bojí zamilovat - nechce mu svým odchodem zlomit srdce. Gus ji ale přesvědčí, že by si krásu zamilovanosti měli užít právě proto, jak málo času jim oběma zbývá.",2012
zahraniční,román,dospívání,John Green,Hledání Aljašky,"Šestnáctiletý Miles, posedlý sbíráním posledních slov významných osobností a touhou hledat „velké Možná“, je spíše outsiderem mezi svými vrstevníky. Jeho život získá zcela novou podobu, když přejde na internátní školu Culver Creek. Zde se rychle spřátelí se svérázným spolubydlícím a okouzlující, naprosto nepředvídatelnou Aljaškou Youngovou. Okamžitě je vtažen do světa, kde se porušují školní pravidla, pořádají různé večírky i provokace. Miles ožívá v dennodenním kontaktu s novými kamarády a stále víc miluje fascinující Aljašku. A tak vývoj směřuje k okamžiku, kdy se všechno nečekaně navždy změní... Živý, naléhavý a nekonečně dojemný příběh. ",2005
čeští,cestopis,cestování po Česku,Ladislav Zibura,Prázdniny v Česku,"Výlet za vším, co jste o Česku nevěděli. Vydejte se s Ladislavem Ziburou na dvouměsíční výlet po českých luzích a hájích a připomeňte si, v jak rozmanité a krásné zemi žijeme. Můžete se těšit na vyprávění plné zajímavostí, pozoruhodných příběhů z naší historie a setkání se svéráznými lidmi. Navštívíte všech čtrnáct českých krajů, načerpáte tipy na vlastní výpravy a jako obvykle se také od srdce zasmějete. Tak přisedněte do roztomilého bílého autíčka a nezapomeňte se připoutat! Váš řidič je začátečník.",2021
čeští,cestopis,cestování po světě,Ladislav Zibura,40 dní pěšky do Jeruzaléma,"Autor v létě 2014 hodil batoh na záda a vydal se na pouť do Jeruzaléma. Bez mapy a orientačního smyslu pěšky ušel 1 400 kilometrů napříč rozpálenou krajinou Turecka a Izraele, stanul pod Zdí nářků a prožil největší dobrodružství svého života. Těšit se můžete na vyprávění kavárenského povaleče, který vám svým laskavě nekorektním humorem dokáže, že poutník rozhodně nemusí být katolík, asketa ani nudný člověk.",2015
čeští,cestopis,cestování po světě,Ladislav Zibura,Už nikdy pěšky po Arménii a Gruzii,"Ladislav Zibura se vydává do těch nejzapadlejších vesnic, aby mohl poslouchat příběhy místních a načerpat něco z jejich
moudrosti. Alkohol teče proudem a mladý dobrodruh důvěrně poznává kulturu plnou pohostinnosti, rozhodných slov a sovětské nostalgie. Své zážitky z kavkazského putování líčí s tradičním humorem a sebeironií, pro které ho čtenáři nenávidí a milují.",2017
čeští,cestopis,cestování po světě,Martin Úbl,Neuvěřitelné příhody z hor,"Co se stane, když expedici vede gumové kuře? Jaké jsou typické sny na treku? Jak to dopadá, když chlapec vezme svoji přítelkyni na 14 dní mimo civilizaci? Ač se může na první pohled zdát, že se úsměvné a někdy až k smíchu přivádějící příběhy z této knihy odehrávají v čistě horsk ém prostředí, není tomu tak. Během čtení čtenář zjistí, že jsou to příběhy napsané životem a o životě každého z nás. A jako i v životě, tak i na horách zdoláváte vrcholy i pády, ale s partou kamarádů jde všechno líp.",2017
čeští,cestopis,cestování po světě,Martin Úbl,Lehce neuvěřitelné příhody z hor,"Nová dávka neuvěřitelných příhod z hor, které mohou na horách potkat i vás. Jak přežít týdny v divočině bez jakékoliv pomoci? Proč netrhat medvědům borůvky? Jak vylézt na šestitisícovku, když se vám zrovna nechce? Hory! Bažiny! Brody! Jezera! Žádná cesta! Déšť a dinosauři! Kniha o tom, jak rozdýchat hory, sebe, své kamarády a navíc se přitom výborně bavit.
Jak přežít týdny v divočině bez jakékoliv pomoci? Proč netrhat medvědům borůvky? Jak vylézt na šestitisícovku, když se vám zrovna nechce? Čtěte, a dozvíte se.",2020
čeští,cestopis,cestování po Česku,Martin Úbl,Stezka Českem: Může jít každý,"První oficiální přechod po hranicích republiky. Kniha je kombinací průvodce, cestopisů, faktografických informací, turistických tipů ohledně trasy a oficiálního přechodu po hranicích republiky, která tvoří tisícikilometrovou trasu po jižní hranici a tisícikilometrovou po hranici severní.Kniha obsahuje jednak informativní kapitoly, ve kterých jsou popsány jednotlivé etapy, rady, jak se připravit na cestu, na co si dát pozor nebo tipy na nejkrásnější místa, ale také motivační kapitoly psány lidmi, kteří se rozhodli na Stezku vypravit. Samostatná kapitola je věnována Trail Angels, lidem, kteří ve svém volném čase dobrovolně pomáhají poutníkům na Stezce. Dočtete se ale také, na jakých principech a zásadách je Stezka založena, o Klubu českých turistů nebo třeba o udržitelném turismu.",2022
čeští,cestopis,cestování po světě,Tomáš Vejmola,Tomík na cestách,"Dopravní prostředek si vybral vskutku netradiční – tuk-tuk starý 35 let, který si pořídil v Thajsku. Odtud vyrazil přes Myanmar, Indii, Nepál, Írán, Turecko a další země, dokud po 13 000 kilometrech nedorazil do roka a do dne do České republiky. O výjimečné zážitky a neuvěřitelné situace neměl nezkušený Tomík nouzi: nabídky k sňatku, útěk před slonem, příšerní Indové, ale i nádherný Írán. To vše vám Tomík povypráví s humorem a nadsázkou.",2019
čeští,cestopis,cestování po Česku,Petr Nazarov,Pěšky kolem Česka,"40 dní, 1036 kilometrů. Pohodové vyprávění o putování českou krajinou a cestě do vlastní duše.\nAutor se vydává z nejvýchodnějšího bodu naší vlasti u Mostů u Jablunkova do bodu nejzápadnějšího u Aše. Překonává téměř 20 tisícimetrových vrcholů a musí se vypořádat s rozmary poč así i s řadou překážek. Zároveň potkává skvělé lidi, kteří mu nejednou nabídnou pomoc. Cesta mu přináší hluboké poznání, radost, důvěru v sebe sama a pocit svobody. Druhou polovinu trasy s ním absolvuje veselá čtyřnohá parťačka, border kolie Bublina. Kniha je inspirací pro každého, kdo touží po dobrodružství a sebepoznání.",2024
čeští,cestopis,cestování po světě,Petra Braunová,3333 km k Jakubovi,"Před prázdninami Mirek dostane od táty nečekanou a nevšední nabídku - dobrodružnou výpravu přes několik států, končící ve Španělsku. Je to cesta svatého Jakuba s cílem v Santiagu de Compostela. Musí se ovšem ujet 3333 km - na kole! Mirek výzvu přijme. Náročné a nepohodlné putování se nakonec pro bohémského otce i pubertálního syna stane zásadním zlomem v životě.",2014
čeští,cestopis,cestování po světě,Lucie Kutrová,151 dní po evropských stezkách,"Cestopis po evropských trailech, ale také putování životem holky, které hory, láska a bucket list změnily život. Nečekejte jen tu krásnou stránku, Lucie je ochotná se podělit i o ten opravdový život, někdy krutý a jindy nespravedlivý. Inspirujte se a vydejte se na delší přechod, než je ten od gauče k lednici, nebo od domu do práce. Zkuste si prožít tu volnost, kdy jste to jen vy, těžký batoh, skvělá nálada a hory. Ale pozor! Lůca varuje, že když vyjdete jednou, nebude to naposledy.",2021
čeští,cestopis,cestování po světě,Lucie Kutrová,151 dní Pacifickou hřebenovkou,"Lucie je holka, která se rozhodla projít Pacific Crest Trail, dle spousty lidí nejnáročnější dálkovou pěší trasu na světě, vedoucí z Kalifornie přes Oregon a Washington až ke kanadským hranicím (4 300 km). A povedlo se jí to. A přežila to. A že to párkrát bylo o vlásek.A ve své knize nepíše jen o tom, jaké to bylo, jít bez přípravy divočinou, ale taky o tom, jak taková věc člověka změní. A že když se pro něco rozhodnete a zatnete zuby, dokážete všechno. ",2019
čeští,cestopis,cestování po Česku,Lucie Kutrová,151 příběhů na Stezce Českem,"Pojďte si projít celou naši krásnou republiku a užít si přes 2000 km po českých kopcích a malebných vesničkách. Lucie je postrach ulice a na jejích cestách nikdy nechybí krizové situace, jež však většinou zvládne vyřešit s humorem, který jí není cizí. Uvidíte, kolik láskyplných lidí na cestě Lucie potká a s kým vším se seznámí.Na cestu s Lucií vyráží její největší parťák – sibiřský husky Marvel. Ale nebude jediný, kdo se k ní připojí. Nechá se zase ukecat brácha, který nesnáší šlapání do kopců? Přijedou kamarádky s dětmi? Připojí se 12letá holčička, která všem vytře zrak? Bude se partnerovi Lůcy stýskat více po Marvelovi, nebo po ní? Přijede i Marvelův tatínek? Kamarád, co miluje lezení a nesnáší chození? Kámoška s dalším huskym? Náhodní kolemjdoucí z přednášky? Guru lásky?",2023
čeští,cestopis,cestování po světě,Monika Benešová,Moje Pacifická hřebenovka,"Na Pacifickou hřebenovku se ročně vydá několik tisíc lidí, ale dokončí ji jen desetina z nich. Monika patří mezi ně. A to byla ještě před nedávnem bledou pacientkou s vážnými zdravotními a psychickými problémy. Přesto se rozhodla změnit život a splnit si sen – projít pěšky celou Ameri ku. Postavila se nemoci, poušti, omrzlinám, medvědům i pumám, které potkávala, když putovala sama divočinou. Pacifická hřebenovka ji tvrdě zkoušela. Naučila ji ale nevzdávat se.",2022
zahraniční,cestopis,cestování po světě,Cheryl Strayed,Divočina,"Pozoruhodně upřímný autobiografický příběh ženy, která se po traumatických událostech rozhodne vyrazit na 1 770 kilometrů dlouhou pěší pouť.\nV šestadvaceti letech si Cheryl Strayedová, po smrti své matky a krachu svého manželství, myslela, že přišla o vše. Měla pocit, že již nemá co ztratit a učinila nejimpulzivnější rozhodnutí svého života: odhodlala se sama ujít vysokohorskou trasu Pacifik Crest Trail od Mohavské pouště přes celou Kalifornii a Oregon až do státu Washington. \nHrdinka, bez jakýchkoli znalostí o přežití v divoké přírodě, se nevyhne střetnutí s chřestýši a medvědy, překonává úmorná vedra či rekordní sníh. Napínavé vyprávění okořeněné humorem živě zachycuje strach i radost mladé ženy tvrdě si razící cestu k cíli navzdory mizivé šanci na úspěch. Pouť ji téměř dožene k šílenství.",2013
zahraniční,cestopis,cestování po světě,Peter Popluhár,Kde všude jsem (ne)zemřel,"Série autobiografických tragikomických povídek cynického hypochondra Petra Popluhára, který se na svých cestách po Africe, Asii a Americe dostává do katastrofálních situací, potkává nepříjemné lidi a bojuje s nejrůznějšími pohromami, včetně extrémních střevních infekcí a těžké mal árie. Přestože se několikrát loučí se životem, příběhy nepostrádají nadhled a humor. Však ho to přejde, až tam jednou opravdu zemře! Peter Popluhár je slovensko-maďarský internetový bavič (v podstatě youtuber, ale nerad to přiznává před dospělými), cestovatel a neuvěřitelný smolař. Vystudoval finance na Masarykově univerzitě v Brně, což bylo na nic, protože hned po promoci se začal naplno věnovat natáčení mediálních a cestovatelských videí. Jeho projekty, které se vyznačují jemně nekorektním humorem, dosáhly od roku 2007 milionů zhlédnutí a získaly si tisíce fanoušků nejen na Slovensku, ale i v zahraničí. V současné době pracuje na anglickém kanálu YouTube PPPeter a jeho slovenském ekvivalentu PPPíter.",2024
zahraniční,cestopis,cestování po světě,Edward Michael Grylls,Vzhůru - Pozoruhodná cesta k vrcholu Mount Everestu,"Bear Grylls jako nejmladší Brit v dějinách popisuje výstup na nejvyšší horu světa Mount Everest.\nAutor mj. poutavě líčí dlouhé období pobytu v základním táboře pod Mount Everestem, kdy čekali na lepší počasí aby mohli podniknout další cesty do výškových táborů, a posléze na vrchol. Poutavým způsobem líčí atmosféru vysokohorského prostředí, popisuje překrásné přírodní scenérie, charakterizuje rázovité osobnosti svých přátel a dalších horolezců, stejně jako fyzické i psychické utrpení. Ve svých 23 letech se Bear Grylls stal nejmladším Britem, který vystoupil na vrchol této nejvyšší hory světa.",2011
zahraniční,cestopis,cestování po světě,Jon Krakauer,Útěk do divočiny,"Ihned poté, co Christopher McCandless dostudoval vysokou školu, věnoval všechny své peníze na dobročinné účely, sbalil si věci a začal se toulat po Americe. Když v dubnu 1992 dorazil na Aljašku, opustil své auto, spálil hotovost, která mu ještě zbývala, a bez mapy a dalších pomůcek se vydal do divočiny – žít po vzoru Londona, Tolstého nebo Thoreaua. O čtyři měsíce později našli v rozbitém odstaveném autobuse jeho vychrtlé mrtvé tělo. Jeho příběh hluboce zaujal novináře, spisovatele, horolezce a dobrodruha Jona Krakauera, který mapuje celé McCandlessovo putování, dává slovo lidem, s nimiž se mladík setkal, cituje jeho deník, dopisy či podtrhaná místa v knihách. Hledá mladíkovy motivy i důvody jeho selhání. Útěk do divočiny není pouhou rekonstrukcí možných událostí. Je napínavým příběhem, který dokládá autorovo dokonalé vcítění – rozpravou o lidské touze po riziku, volnosti a čistém životě v souladu s přírodou.",1999
čeští,povídky,životní moudrost,Karel Čapek,Povídky z jedné kapsy,"Sborník detektivních povídek z pera Karla Čapka patří ke skvostům české moderní prózy a právem náleží do zlatého fondu české literatury. Příběhy s kriminální zápletkou autor povýšil na studie člověčenství, které dokáží vždy překvapit a zaujmout.",2000
čeští,povídky,životní moudrost,Karel Čapek,Povídky z druhé kapsy,"Povídky z druhé kapsy napsal Karel Čapek v roce 1929 inspirován denními zprávami. V těchto detektivně laděných prózách se autor projevil jako dokonalý znalec řeči příslušníků různých společenských vrstev a povolání. Mají podobné náměty jako Povídky z první kapsy: odhalování zločinů, hledání spravedlnosti a její vykonávání. Mají však daleko širší dosah než první kniha povídek. Čapek v nich zdůraznil význam vzájemných vztahů mezi lidmi a vyslovil svoji pevnou víru v člověka opravdu lidského.",2007
čeští,povídky,humor,Jaroslav Hašek,Povídky,"Duchovní otec Švejka zahájil svou spisovatelskou dráhu drobnými povídkami, črtami a humoreskami, které publikoval v časopisech. Vybrali jsme řadu, která vycházela v Humoristických listech. Autor v nich navázal na tradici lidového šibalského humoru, kterou potom dále rozvíjel a přivedl až k dokonalosti.",2009
čeští,povídky,dospívání,kolektiv autorů,Kapuce od mikiny,"Kapuce od mikiny je sbírka povídek určených především pro náctileté. Texty povídek upozorňují na palčivá témata jako je jinakost, šikana, život s handicapem, závislosti, poruchy příjmu potravy, materialismus či předsudky. Dotýkají se také otázek hodnot jako je čestnost, vnitřní svoboda, zodpovědnost, empatie, solidarita, pokora či laskavost",2022
čeští,poezie,historie,Karel Havlíček Borovský,Epigramy,"Epigramy vznikly během pobytu v Moskvě (1842-1845), kde Havlíček pracoval jako vychovatel v rodině profesora Pogodina.
Autor v díle satiricky kritizuje dobové společenské poměry. Komentuje nejrůznější pokrytecké postoje a zažité konvence, otevřeně poukazuje na rozpory mezi hlásanými „pravdami“ a skutečností.",1845
čeští,poezie,říše fantazie,Petr Nikl,Záhádky,"Komplexní umělecké dílo, které malé i větší čtenáře zavádí do světa hravé fantazie. Tentokrát jde Petr Nikl ještě o kousek dál – čtenář si bude moci sám skládat obrázky zvířat a fantaskních tvorů z jednotlivých rozstříhaných listů (hlavy, těla a nohou) a k tomu dotvářet texty.",2007
čeští,humorná próza,dětský svět,Vojtěch Steklač,Boříkovy lapálie - série,"Čtyři správní kluci z Holešovic Čenda, Aleš, Mirek a Bořík spolu zažívají neuvěřitelně veselé i dobrodružné příhody. Často se taky potýkají s nepřízní rodičů a třídní učitelky. Na rozdíl od třídního šprta Bohouška, který je mazánkem dospělých..",od 1970
čeští,humorná próza,dětský svět,Vojtěch Steklač,Pekelná třída,"Pekelná třída - to je parta, se kterou se seznámítei i ve třech knížkách boříkovských lapálií. Dozvíte se od ní, jak vnímají září, jak si celý školní rok zpestřují nejrůznějšími vylomeninami, co všechno je láká ve Stromovce, jak se potýkají se Zátoráky, jak si udělali mejdan, jak se vypořádávají se šplhounem Bohouškem, jak doma válčí s rodiči. Není divu, že jejich nebohá paní třídní učitelka, něžně přezdívaná Drábinka, se často chytá za hlavu a volá: ""Tahle třída, to je peklo!""",1978
čeští,humorná próza,dětský svět,Karel Poláček,Bylo nás pět,"Půvabná vyprávění o dobrodružstvích pěti nezbedných chlapců z malého českého městečka, psaná formou dětského deníku kupeckého synka Petra Bajzy.\nKlukovskýma očima viděný rok na maloměstě připomíná všechny sezónní dospělé i dětské zábavy, životní styl i hierarchii obyvatel ma lého města za první republiky.",1943
zahraniční,humorná próza,dětský svět,Jean-Jacques Sempé; René Goscinny,Mikulášovy patálie,"Mikuláš je malý nezbedný kluk s partou kamarádů, kupou bláznivých nápadů a úžasným dětským pohledem na svět. „Když jsem přišel domů, maminka mi vynadala, že jsem přišel pozdě na večeři. Když jsou takoví, tak tedy bez milosti: Zítra uteču z domova. Tatínek s maminkou se budou hrozně trápit a já se vrátím až za spoustu let a budu strašlivě bohatý a budu mít auto a letadlo!""",1964
zahraniční,humorná próza,dětský svět,Leo Calvin Rosten,Pan Kaplan má třídu rád,"Humoristický román odehrávající se v předválečném New Yorku, dílo, jehož humor spočívá v jazyku. Hrdinou knihy je evropský přistěhovalec, lidový mudrc pan Kaplan, který se, pokud jde o anglický originál, učí v New Yorku angličtině či spíše američtině, pokud jde o český překlad, učí se v témž prostředí češtině. Jde o knihu pro milovníky slov, slovních hříček a jazykových kouzel.",1937
zahraniční,humorná próza,dětský svět,Jeff Kinney,Deník malého poseroutky,"Když je vám tak jedenáct, může to být fakt opruz. A nikdo to neví líp než Greg Heffley, protože se najednou ocitl na víceletém gymplu, kde malí poseroutkové, jako je on, narážejí každý den na chodbách do kluků, kteří jsou větší, silnější a holit by se mohli dvakrát denně. Deník mal ého poseroutky není jen tak obyčejný deníček. Greg tenhle sešit dostal od mámy. A to přesto, že deníky jsou přece jenom pro holky! Takže si nemyslete, že to bude nějaké „milý deníčku“ tohle a „milý deníčku“ támhleto. Navíc tohle vlastně není deník, to jsou ZÁPISKY. Greg si prostě zapisuje a čmárá obrázky ke všemu, co se kolem něj děje. Píše o svém otravném starším bráchovi, o potrhlém kamarádu Rowleym, o každodenním boji o přežití ve škole, o jednom fakt děsivém domě hrůzy, o kreslení komiksů pro školní časopis a taky o Sejru... Jeff Kinney, autor a ilustrátor v jedné osobě, vytvořil hrdinu, který sice vypadá trochu neobvykle, ale na druhou stranu je to vlastně úplně normální puberťák.",2007
čeští,komiks,dobrodružství,Jaroslav Foglar,Stínadelská trilogie,"Souborné vydání komiksové Stínadelské trilogie obsahuje Záhadu hlavolamu, Stínadla se bouří a Tajemství Velkého Vonta. 
Vydejte se s partou Rychlých šípů na pořádnou dávku dobrodružství.",2023
čeští,komiks,dobrodružství,Jaroslav Foglar,Rychlé šípy,"V temných Stínadlech se cosi dalo do pohybu! Klub Rychlých šípů – Mirek Dušín, Jarka Metelka, Jindra Hojer, Červenáček a Rychlonožka – u toho nesmí chybět! Když chlapci poznají příběh zámečnického učně Jana Tleskače, podniknou nebezpečnou výpravu na nepřátelské území, kde je ukryt kovový hlavolam ježek v kleci. Rychlé šípy to však nebudou mít jednoduché. Stínadlům totiž vládne drsná parta Vontů...",2019
čeští,komiks,sport,Jan Novák,"Zátopek... když nemůžeš, tak přidej!","„Je to hranice bolesti a utrpení, která dělí chlapce od mužů,“ říkal Emil Zátopek. Právě posouvání mezí možností vlastního těla z něj udělalo fenomenálního běžce a jednoho z nejslavnějších sportovců historie. Když na olympijských hrách v Londýně v roce 1948 vyhrál běh na deset kilometrů a na pětikilometrové trati skončil druhý, nepovažoval to za velký úspěch. Z následující olympiády v Helsinkách přivezl tři zlaté medaile a stal se legendou, ale připsal si i důležitější vítězství – postavil se proti režimu za svého svěřence Stanislava Jungwirtha a prosadil, aby vůbec mohl na olympiádu odcestovat. ",2016
zahraniční,komiks,říše fantazie,Jeff Smith,Kůstek 1: Útěk z Kůstkova,"Mix Pána prstenů a animovaných filmů od Pixaru – tak by se dal popsat legendární fantasy epos Kůstek. Zavede vás do světa, který je plný prapodivných bytostí – věčně hladových krysáků, bojových včel, obřích rudých draků (s doutníkem) a agresivních babiček. Do světa krásného i nebezpečného. Příběh začíná úprkem tří podivných bytostí z rodného města, pokračuje závodem krav a končí bojem o osud světa s tajemným Pánem kobylek a jeho hordami. Je tu všechno, co má klasické fantasy mít (možná až na ten závod krav), jen ti hrdinové jsou na klasické fantasy tak trochu... zvláštní. Kůstek si rychle získal kultovní věhlas, veškerá možná ocenění a post jednoho z nejzásadnějších světových komiksů. Není divu, nabízí rozmáchlý příběh, ve kterém se mísí humor s emocemi, napětím a hororem a jedno plynule přechází v druhé. Příběh, který osloví absolutně každého. \n\n Toto je první díl z celé série.",2010
zahraniční,komiks,dobrodružství,Hergé,Tintinova dobrodružství,"Série komixů o belgickém reportérovi Tintinovi, který společně se svým věrným psem zažívá dobrodružství a vyšetřuje různé záhady po celém světě. /n Humorně pojaté příběhy doplňují propracované kresby.",od 1930
zahraniční,komiks,dobrodružství,Dan Johnson,Robinson Crusoe," Devatenáctiletý Robinson Crusoe není spokojen se svým klidným, ale nudným životem v Anglii. Tak rád by se plavil po moři a poznával svět. Jeho touha po dobrodružství ho přiměje bez rozloučení s rodiči opustit rodnou zemi a vydat se do cizích krajů. Během následujících pěti let poznává mnoho míst a lidí, ale především sám sebe. Zažije několik nebezpečných situací na moři i na pevnině, a tak si začíná pohrávat s myšlenkou, že se usadí. Ale jeho dobrodružná povaha ho ještě jednou přiměje nasednout na loď. Tentokrát má však ztroskotání lodi katastrofální následky a Robinson se jako jediný z posádky zachrání na zdánlivě opuštěném ostrově. Je možné, aby v takové situaci člověk sám přežil? Podaří se mu ostrov opustit, nebo na něm bude muset zůstat?",2010
zahraniční,komiks,technika,Edward Ross,Paříme - Komiksová historie videoher,"Od chvíle, kdy poprvé spustil bratrovo zaprášené atari, se komiksový kreslíř Edward Ross zbláznil do videoher. Po letech si začal klást otázky: Čím jsou hry tak výjimečné? Proč je hrajeme? A jak hry ovlivňují náš svět? V publikaci vhodné pro malé i velké zájemce nás provází časem od průkopnických technických vynálezů ze čtyřicátých let až po moderní éru blockbusterových hitů a skvostů nezávislé scény. Fanoušci a fanynky se mohou těšit, že na stránkách spatří legendární hry jako Minecraft, Super Mario, Doom, Last of Us, God of War, Legend of Zelda, Grand Theft Auto, Tomb Raider nebo Fallout. \n\nCo nás hry jako Dungeons & Dragons nebo Bioshock učí o svobodné vůli a osobní odpovědnosti? Jak herní designéři vytvářejí krajiny, v nichž se chceme ztratit? Proč a jak se ovladače stávají prodloužením našich těl? Jak se proměnilo zobrazení žen či ras ve videohrách? A ve které zemi způsobila obliba arkádových automatů nedostatek drobných?",2024
zahraniční,komiks,dobrodružství,"Charles Dixon, Sean Deming",Hobit aneb Cesta tam a zase zpátky,"Hobit je příběh Bilba Pytlíka, klidného a spokojeného hobita, kterému se celý život obrátí vzhůru nohama, když se připojí k čaroději Gandalfovi a třinácti trpaslíkům na výpravě za ukradeným pokladem. Je to cesta plná nebezpečí - a na konci musí Bilbo samojediný čelit strážci tohoto pokladu, nejobávanějšímu draku v celé Středozemi...",2007
zahraniční,fantasy,nadpřirozno,Cassandra Clare,Nástroje smrti - Město z kostí,"Když se patnáctiletá Clary Frayová vydá do newyorského klubu Pandemonium, vůbec netuší, že se stane svědkyní vraždy, kterou navíc spáchají tři teenageři se zvláštním tetováním na těle a podivnými zbraněmi v rukou. Mrtvé tělo pak jednoduše zmizí. Nejde jen tak zavolat policii, když jsou vrahové pro všechny ostatní neviditelní a na místě činu nezbyla ani kapka krve, která by napověděla, že tu zemřel člověk. A byl to vůbec člověk? Zde se Clary poprvé setká s Lovci stínů, bojovníky, kteří mají chránit svět před démony. Během čtyřiadvaceti hodin je Clary vtažena do jejich světa, její matka totiž zmizí a na samotnou Clary zaútočí démon. Proč by se ale démoni zajímali o obyčejné lidi, jako je Clary a její matka? A jak je možné, že má Clary najednou „vnitřní zrak“? To by rádi věděli i Lovci stínů… Zábavné, odvážné a neotřelé fantasy od Cassandry Clareové slibuje svým čtenářům strhující čtení, s nímž nebudou chtít přestat. \n\n Toto je první díl z celé série.",2007
zahraniční,knihy pro mládež,dospívání,Sue Townsend,Tajný deník Adriana Molea,"První z oblíbené série deníků Adriana Molea zastihuje hlavního hrdinu ve věku třinácti a půl roku. Je to pro něj nelehká doba, puberta s ním cloumá, svět je plný hlupáků a zabedněnců, kteří pro jeho umělecké vzlety nemají špetku pochopení. On je však pevně rozhodnutý statečně nést těžký úděl intelektuála.\n\nA jako by neměl dost starostí sám se sebou, doma vrcholí rodinná krize, matka odchází a Adrian zůstává s otcem, nepraktickým smolařem, navíc právě propuštěným z práce. A do toho všeho se ještě Adrian smrtelně vážně zamiluje do Pandory. Uprostřed osobních trablů a zmatků však hrdina dokáže svérázným klukovským pohledem sledovat a s neodolatelným anglickým humorem komentovat vážné i nevážné problémy, které hýbou britskou společností.",1988
zahraniční,knihy pro mládež,dospívání,Markus Zusak,Zlodějka knih,"Příběh se odehrává v nacistickém Německu a líčí dospívání mladé dívky Liesel, která začíná nový život v pěstounské péči poté, co ji opustila matka. Příběh vypráví o Lieselině vztahu s pěstouny, s ostatními obyvateli města i s mladým židovským mužem, kterého se svou nově nalezenou rodinou ukrývá ve sklepě svého domu.",2005
zahraniční,knihy pro mládež,život,Christiane F.,My děti ze stanice ZOO,"Osud Christiane F. znají miliony čtenářů po celém světě. Vyrůstali s drásavou výpovědí třináctileté německé narkomanky o pekle závislosti na heroinu a prostituci. Kniha My děti ze stanice ZOO a stejnojmenný film z ní udělaly celebritu a změnily zásadně její život. Po pětatřiceti letec h se Christiane Felscherinow nechala přesvědčit novinářkou Sonjou Vukovic, aby vyprávěla, co bylo potom. Procházíme spolu s Christiane jejím bojem se závislostí na drogách, pobytem ve vězení, ale také setkáními s legendami amerického rocku a evropské literatury, šťastnými roky v Řecku a největším darem – narozením syna Phillipa.",2014
zahraniční,knihy pro mládež,nadpřirozeno,Lisa Jane Smith,Upíří deníky,"Tato série sleduje životy upírů a jejich interakce s lidmi v moderním světě. Hlavní postavy, jako je Elena Gilbert a Stefan Salvatore, se potýkají s láskou, zradou a nebezpečím, které přichází s jejich nadpřirozenými schopnostmi. Příběh je plný napětí, romantiky a dramatických zvratů. Čtenáři se ponoří do fascinujícího světa, kde se mísí realita s nadpřirozenem.",od 1991
zahraniční,knihy pro mládež,nadpřirozeno,Stephenie Meyer,Stmívání,"""Stmívání"" je fenoménem, který oslnil čtenáře po celém světě. Tato kultovní knižní série od Stephenie Meyerové nás vtáhne do světa naplněného romantikou, nadpřirozenem a nebezpečnými tajemstvími. První díl série nese název ""Stmívání"" a zavede nás do městečka Forks, kde se hlavní hrdinka Bella Swanová zamiluje do tajuplného Edwarda Cullena. /n Edward a jeho rodina však ukrývají temné tajemství – jsou upíři. Přestože se snaží Bella i Edward překonat své odlišné podstaty, jejich láska je neustále prověřována vnějšími hrozbami a vnitřními konflikty. Čtenáři se mohou těšit na napínavý milostný příběh, který zahrnuje nadpřirozené bytosti, nebezpečné střety a nepřekonatelné překážky.",od 2005
zahraniční,knihy pro mládež,dospívání,Grace Dent,Klukům vstup zakázán,"Veronika a její dvě kamarádky se chtějí vydat na rockový festival, ale rodiče je nepustí, protože o ně mají strach. A tak si tři kamarádky na pozemk u školy uspořádají festival vlastní, s účastí školních kapel včetně skejťáka Jimiho, do kterého je Veronika zamilovaná. A možná se objeví i další hvězdy.",2003
zahraniční,knihy pro mládež,dospívání,Jostein Gaarder,Dívka s pomeranči,"Hrdinou této knihy je Georg, kterému zemřel otec, když byl hodně malý. A teď se najednou najde jeho dopis adresovaný synovi. Napsal ho krátce před smrtí, protože věděl, že mu chtěl předat některé své myšlenky a poselství, kterým by tehdy malý Georg nerozuměl. Tento emočně nabitý příb ěh vypráví o nemoci a marném boji, ale také o naději. ",2003
zahraniční,knihy pro mládež,zvířata,Rudyard Kipling,Kniha džunglí,"Lidské mládě. Odchovanec vlků, mrštný jako had a rychlý jako panter. Stane se lovcem lovců. Krásný dobrodružný příběh Mauglího, chlapce který vyroste mezi zvířaty v divoké džungli, splyne s ní a stane se její součástí. Dojemný vztah mezi člověkem a zvířaty, zvláště vlky.",1968
zahraniční,knihy pro mládež,zvířata,Jack London,Volání divočiny,"Známý a proslavený příběh severského psa Bucka. S obdivhodnou věrojatností zobrazuje autor všechny prožitky Buckova přizpůsobování se přechodu z pohodlí a slunečného blahobytu na panském sídle do drsné a mrazivé skutečnosti Severu, kde se z něho stává chytrý, smělý a bojovný hrdina.",1957
zahraniční,knihy pro mládež,zvířata,Jack London,Bílý tesák,"Ve vyprávění o osudech samotářského míšence psa a vlka vyjádřil autor své nejcennější myšlenky – víru v sílu života, přesvědčení o tom, že štěstí je neoddělitelné od věrnosti, s jakou dokážeme sloužit dobrým cílům.",1995
zahraniční,knihy pro mládež,,Mark Twain,Dobrodružství Toma Sawyera,"Román Dobrodružství Toma Sawyera, poprvé vydaný už v roce 1876, v dětství s gustem četli naši rodiče i rodiče našich rodičů. Spolu s Dobrodružstvím Huckleberryho Finna se stal na dlouhou dobu nejoblíbenější klukovskou četbou. Nyní vychází v novém českém překladu Jany Mertinové, který přibližuje originál současnosti. Autorův humor i poutavý způsob vyprávění se tak stává srozumitelnější pro dnešní čtenáře.\nS uličníkem Tomem a jeho kamarádem Huckem budou dnešní kluci znovu prožívat dobrodružný útěk z domova, pirátský život na pustím ostrově i hledání pokladu ve strašidelném domě. Stejně jako mnoho generací před nimi budou číst o tom, jak se oba kamarádi zastali neprávem obviněného Mouly Pottera a ohromili poklidné městečko odhalením skutečného vraha.\n13-121-KMČ-89",1989
zahraniční,knihy pro mládež,,Daniel Defoe,u,"Těžko bychom hledali čtenáře, který by neznal už od dětských let – většinou ovšem v úpravách či převyprávěních – jádro tohoto klasického díla anglické prózy. A kolik nejrůznějších robinsonád se inspirovalo během staletí Defoeovým barvitým líčením, které mu získalo populari tu už r. 1719. Svědčí to nesporně o životném jádru „zvláštních podivných dobrodružství“ námořníka z Yorku, který je tipickým představitelem své doby, ale nese v sobě i pevné optimistické přesvědčení přesahující jeho éru: o lidské zvídavosti, nezdolnosti, odvaze. Nové vydání předkládá čtenáři však nejen známý nezkrácený text prvního dílu o Robinsonových cestách a zážitcích, ale i méně známé pokračování o „dalších dobrodružstvích“ tohoto Defoeova hrdiny. Sledujeme tedy nejprve osud trosečníka, který na opuštěném ostrově v Atlantském oceánu prožije téměř třicet let a svou vynalézavostí a dovedností svých rukou uhájí jak holou existenci, tak si dokáže zpříjemnit prostředí kolem sebe a obstojí ve zkoušce „rozumem obdařené bytosti“ – i odvážně čelí divochům, kteří na jeho ostrov zajíždějí ke kanibalským hodům. Návratem z ostrova však Robinsonovy pohnuté osudy nekončí. Neklidná krev ho žene na nové cesty, do nového podnikání. Spolu se svým věrným domorodým sluhou Pátkem podniká nejprve cestu po západní Evropě a pak se znovu vydá na moře, do Západní Indie. Zavítá na svůj ostrov či kolonii, až nakonec svá putování uzavře návratem po souši přes Čínu, Mongolsko, Sibiř, Rusko. Do vlasti se vrací po mnoha letech jako stařec. Díky své podnikavosti a neohroženosti zbohatl a s uspokojením přehlíží své úspěchy. Robinsonovy cesty, postřehy i úvahy představují neobyčejně zajímavou charakteristiku doby, její podnikavosti i etiky. Jako jedinečný dokument i svébytné umělecké dílo zaujme i po více než dvě stě padesáti letech od svého vzniku, a dnešního čtenáře navíc ještě pro krásné nové ilustrace Adolfa Borna.",1975
zahraniční,knihy pro mládež,,Jules Verne,Cesta kolem světa za 80 dní,Slavný příběh Philease Fogga a sluhy Passepartouta a jejich cesta kolem světa.,1997
zahraniční,knihy pro mládež,,Jules Verne,Dva roky prázdnin,"Jeden z nejúspěšnějších románů Vernových, který stále poutá mladé čtenáře toužící po dobrodružství. Vypráví příhody patnácti chlapců-školáků zanesených bouří na pustý ostrov a bojujících na něm o svůj život.",1973
zahraniční,knihy pro mládež,,Raquel J. Palacio,Neobyčejný kluk,"Jmenuju se August a vypadám trochu zvláštně… ale jinak jsem stejný jako vy! Auggie není obyčejný desetiletý kluk, i když dělá docela obyčejné věci – jako všechny děti v jeho věku. Má totiž skutečně neobyčejnou tvář... Narodil se s deformovaným obličejem. Když má nastoupit do páté třídy Beecherovy školy, vzbuzuje to v něm i v jeho rodičích obavy, naději a otázky, jak ho jeho noví spolužáci přijmou. Podaří se Auggiemi přesvědčit své spolužáky o tom, že je navzdory svému vzhledu stejný jako oni? \nOriginální a inspirující román si od svého uvedení na trh v roce 2012 přečetlo přes více než 6 milionů čtenářů. Na motivy knihy natočil režisér Stephen Chbosky film s Jacobem Tremblayem, Julií Robertsovou a Owenem Wilsonem v hlavních rolích.",2018
zahraniční,knihy pro mládež,,Rick Riordan,Percy Jackson: Zloděj blesku,"Jmenuji se Percy Jackson!\nDoteď jsem si myslel, že jsem obyčejný kluk, kterého čeká vyhazov ze školy. Zjistil jsem ale, že můj otec je bůh z Olympu. Moje učitelka se proměnila v krvavou příšeru a kamarád je Satyr. Všichni na mě mají spadeno a podezřívají mě z krádeže blesku, zbraně mocn ého boha Dia. Musím dokázat svou nevinu, najít ukradený blesk a s ním i zloděje...",2022
zahraniční,detektivka,,Thomas Brezina,Čarodějova věž,"Parta detektivů musí tentokrát rozlousknout zapeklitý případ. Ve vesničce, kde lišky dávají dobrou noc, se začne zjevovat čaroděj, který je už pět set let mrtvý. Je to duch, nebo se jedná jen o nějaké laciné triky? Navíc se zdá, jako by všichni obyvatelé Limbachu měli co skrývat. Podař í se Čtyřce rozplést labyrint lží a úskoků?",2009
zahraniční,detektivka,,Thomas Brezina,Klub záhad,Bez popisu.,
zahraniční,detektivka,,Arthur Conan Doyle,Dobrodružství Sherlocka Holmese,"Tato kniha přináší první nadílku Doylových povídek o slavném detektivovi. Původně vycházely v letech 1891–1892 a my je vydali o 105 let (nebo 26) později do doby zcela jiné, odlišné tempem, morálkou i typem zločinů. Byly však ty staré zlaté časy skutečně tak zlaté? Holmes a Watson o tom vědí své. Pro nás však kouzlo té doby zůstává nezměněno. Nuže, vzhůru do zamlžených ulic, na kvetoucí vřesoviště.",1982
zahraniční,detektivka,,Robin Stevens,Záhada zamčeného kupé,"Dívčí detektivní klub řeší třetí případ. Detektivka pro mladé dámy ve stylu Agathy Christie!\n\nDaisy Wellsová a Hazel Wongová cestují na prázdniny slavným Orient Expresem. Od chvíle, kdy dívky nastoupily, je jasné, že každý cestující v tomto luxusním vlaku něco skrývá. Pak se z jedno ho kupé ozve výkřik a bohatá dědička je nalezena mrtvá. Po vrahovi nezůstane ani stopa – jako by se vypařil. Daisy a Hazel budou řešit svoji první záhadu zamčeného pokoje. A zároveň čelit několika dalším detektivům, kteří chtějí případ rozlousknout dřív než ony.",2022
čeští,detektivka,,Daniela Krolupperová,Zločin na Starém Městě pražském,"Dobrodružný detektivní román odehrávající se za života významného českého malíře Jakuba Schikanedera. K pátrání po původci smrti mladé dívky, která zemřela v důsledku pádu z pavlače, přispěje sám Jakub, jenž se stal v dětských letech svědkem této tragédie. Jakubovi se děsivá ud álost vryla hluboko do paměti, a když po mnoha letech potká osobu, která u ní také byla přítomna, vybaví se mu další vzpomínky. Co se vlastně tehdy stalo? Samotný děj příběhu nezachycuje jen složité pátrání, ale i život dodnes oblíbeného a uznávaného Jakuba Schikanedera (1855-1924), jehož známým obrazem je právě Vražda v domě.",2014
čeští,detektivka,,Petra Soukupová,Kdo zabil Snížka?,"Když si Martina přála psa, netušila, že se Snížkem budou samé potíže. Z malého bílého štěněte vyrostl pes, kterého skoro nikdo ve vesnici nemá rád. Dokonce i její máma se ho bojí. A tak když Martina jednoho dne najde Snížka mrtvého, hned ji napadne, že nezemřel náhodou.\nOpravdu Sníž ka někdo zabil?\nMartina se spolu s kamarády Frantou, Kájou a Viktorem pustí do vyšetřování Snížkovy smrti a jejich dobrodružné pátrání přinese nečekaná odhalení.\nPo knížce Bertík a čmuchadlo přichází úspěšná autorka knih pro dospělé Petra Soukupová s dalším neobyčejným příběhem pro děti, tentokrát s detektivní zápletkou.",2017
čeští,detektivka,,Marek Toman,Inspektor Mol a případ ztraceného rukopisu,"Knihovna jako místo činu, čtenáři jako podezřelí a jeden detektiv, který si na ně došlápne…\nTomáš je kluk ze sídliště, který netuší, co se sebou. V jeho životě se ale objeví detektiv Mol – drsňák s ostřížím zrakem a smyslem pro spravedlnost. Když v městské knihovně záhadně zm izí rukopis literární hvězdy Gréty Grande, vyráží Mol do akce. V této brilantní parodii na noirovou detektivku určené -náctiletým i dospělým čtenářům se Marku Tomanovi podařilo propojit humor, nečekané detektivní zvraty a lásku ke knihám. Povede se Molovi vyřešit jeho největší případ? A hlavně – dokáže zjistit, kým vlastně je?",2025
zahraniční,,zvířata,George Orwell,Farma zvířat,"Pozoruhodná bajka začíná vzpourou zvířat, která vyženou majitele farmy a začnou si vládnout sama. Zprvu ušlechtilé, idealistické myšlenky o rovnosti, svobodě a blahobytu záhy berou za své a jejich místo postupně zaujme propaganda, nesvoboda a totalitní diktatura.",1991
čeští,,zvířata,Iva Procházková,Myši patří do nebe,"Fantaskní příběh s nečekanou a nápaditou pointou, napsaný jako humorné vyprávění o dvou kamarádech. Velké přátelství myšky Šupito a lišáka Bělobřicha je dramaticky přerušeno, ale oba přátelé se znovu setkají v přívětivé zemi na hranici mezi životem a smrtí, kde prožívají podivu hodná dobrodružství. Motiv smrti je podán tak, že se ho malý čtenář nezalekne, a přijme ho jako součást příběhu. Autorka chtěla svým barvitým vyprávěním z přírody setřást bázeň ze smrti, která děti mnohdy obestírá, a naznačit, že nějaký svět existuje i dál. Tohoto tématu se již před časem znamenitě zhostila Astrid Lindgrenová, teď se to na malém příběhu stejně dobře podařilo jedné z nejlepších současných autorek pro děti a mládež Ivě Procházkové. Vznikla odvážná knížka, která je důkazem, že moderní česká literatura pro děti stále patří k evropské špičce.",2006
čeští,,zvířata,Ota Pavel,Smrt krásných srnců,"Povídková kniha, ve které Ota Pavel vzpomíná na šťastné dětství před válkou i neradostná válečná léta. Ústřední postavou je jeho otec Leo Popper, obchodní zástupce firmy Elektrolux.",2000
čeští,,zvířata,Ota Pavel,Jak jsem potkal ryby,"V svazku nazvaném Jak jsem potkal ryby (1974) Ota Pavel vědomě navázal na úspěšnou sbírku Smrt krásných srnců (1972). Opustil definitivně svět sportovců a sportu a vrátil se opět do krajin svého dětství a mládí – na Buštěhrad, na Berounku, k řekám, potokům a mořím.\n\nHrdiny jeho pov ídek jsou opět členové jeho rodiny v čele s „povedeným tatínkem“, bratry Jirkou a Hugem, ale prim tu hraje příroda, ryby především, a hlavně pokora a úcta k člověku. Celek mistrovského literárního díla je návratem k pramenům „vody živé“ – a čtenáři odtud mohou spolehlivě čerpat energii a sílu k životu.",2004
čeští,,zvířata,Markéta Baňková,Straka v říši entropie,"Straka v říši entropie jsou bajky pro dospělé i děti. Zvířata v nich luští záhady existence a fungování světa. Zjistíme, proč se hroch udrží na vodní hladině i proč někteří samci nepohrdnou samičkou z igelitu. Jak lišky prochází krizí středního věku a kdo všechno chce být ideálem krásy. Proč nemá smysl bojovat proti nepořádku a jak zatočit s jezevcem notorikem. Jak může notorik pád ze schodů omluvit zakřivením časoprostoru a že i myši mají určitý názor na kvantovou neurčitost. Vzrušující témata podstaty vesmíru, která jinak bývají pro laika příliš složitá, jsou v této knize podána lehce, jakoby mimochodem. Kniha humornou formou přibližuje klasické fyzikální zákony, které pochopí malé děti, ale dotýká se i náročných témat fyziky moderní doby, určené starším dětem a dospělým. Vhodná je pro rodiče, kteří čtou dětem, ale současně hledají i knihu pro sebe. Zaujme také čtenáře, které fyzika nezajímá, nebo z ní mají dokonce strach – ti najdou především grotesku, jejíž hrdinové po cestě vědy docházejí k filosofii.",2010
zahraniční,,cestování,Jonathan Swift,Gulliverovy cesty,"Utopický román anglického spisovatele 18. století, pod rouškou imaginárního cestopisu satiricky líčí poměry v Anglii, kritizuje civilizaci a relativizuje sílu lidského rozumu. \n\nRomán, jehož původní název zněl „Cesty k rozličným národům světa . . . „, je rozdělen do čtyř dílů o n estejném počtu kapitol (osm, osm, jedenáct, dvanáct), nesoucích tzv. epická záhlaví. Je mu předeslána fiktivní předmluva vydavatele Sympsona a dopis autora – kapitána Lemuela Gullivera tomuto vydavateli. Fikci pravdivosti podtrhují také mapky, portrét Gullivera a autentická 1. osoba, v níž se líčí Gulliverovy cesty na utopické ostrovy. V I. dílu „Cesta do Liliputu“ se Gulliver ocitá mezi trpaslíky, ve II. dílu „Cesta do Brobdingnagu“ mezi obry. Ve III. dílu „Cesta do Laputy, Balnibardi, Luggnaggu, Blubbdubdribu“ se představy o světě vtělují do alegorie vznášejícího se ostrova (Laputa – alegorie sféry teoretického myšlení a uzavřené aristokracie) a obrazu hospodářsky a kulturně upadajícího státu Balnibardi. V tomto dílu promlouvá Gulliver se slavnými muži minulosti a poznává Struldbrugy, nesmrtelné obyvatele ostrova Luggnaggu. Tématem IV. dílu „Cesta do země Hvajninimů“ je výměna sociálních rolí mezi koňmi a lidmi. Lidé, tzv. Jahuové, slouží v ideální říši ušlechtilým zvířatům. Gulliver prožívá nejrůznější dobrodružství a po mnohaleté cestě se vrací domů. Putování po imaginárních ostrovech a zemích je záminkou ke kritice domácích poměrů a evropské kultury. Souběžně s negativními obrazy autor rýsuje projekt ideálního zřízení.",1975
čeští,,dětský hrdina,Marie Majerová,Robinsonka,"Ve své, dnes již klasické knížce pro mládež Robinsonka líčí národní umělkyně Marie Majerová s jemným humorem a hlubokým porozuměním pro city a nálady mladé dívčí duše přerod své dospívající hrdinky Blaženy Borové. Po matčině náhlé smrti zůstává s tatínkem – taxikářem a n ovorozeným bratříčkem Péťou sama. Pro čtrnáctiletou studentku, žijící dříve jako bezstarostný zhýčkaný jedináček, nastává v bytě, který se jí proměnil v pustý ostrov, každodenní zápas s nezvyklými starostmi o domácnost. Bláža si připadá docela jako Robinson, hrdina slavného anglického románu Daniela Defoea a statečně se z říše vysněných dobrodružství probojovává ke skutečnému životu.",1984
čeští,,dětský hrdina,Stanislav Rudolf,Kopretiny pro zámeckou paní,"Prázdninová komedie o holkách krásně praštěných. Patnáctiletá Kateřina Krásná žije se svými rodiči - kastelány na hradě Krabonoši. Je otrávená pomyšlením, že stráví svoje prázdniny v neútulné pokladně hradu. její - podle jejího názoru - nudný život na Krabonoši je narušen pří chodem studenta Petra, který by měl na hradě dělat průvodce. Katka se do něj zamiluje a marně se snaží upoutat jeho pozornost a to opravdu všemi způsoby, dokonce i fingovanou krádeží vzácných korbelíků z hradní sbírky. Katka má sice průšvih, ale ten konečně přiměje Petra, aby si jí všiml.",1981
zahraniční,,dětský hrdina,Kiera Cass,Selekce,"35 dívek. 1 princ. Životní šance. To je SELEKCE!\n\nPro dívky je Selekce životní šancí. Příležitostí k útěku od života, který jim byl stanoven od narození. Být obklopena světem třpytivých šatů a drahocenných šperků. Žít v paláci a soutěžit o srdce krásného prince Maxona. Ale pro A mericu to znamená otočit se zády ke své tajné lásce Aspenovi, který je o kastu níž než ona. Nechce se jí odejít z domova a vstoupit do nelítostné soutěže o korunku.",2021
čeští,,sport,Eduard Bass,Klapzubova jedenáctka,"Dnes už klasický román Eduarda Basse z roku 1922 vypráví příběh otce Klapzuby, který ze svých jedenácti synů vychová fenomenální fotbalový tým. Základní dílo české humoristické prózy můžeme číst jako oslavu ducha fair play, houževnatosti a sportovního nadšení i jako dobově aktuáln í hříčku, lehce ironizující opojení českou kopanou a narážející na události v poválečné společnosti. Ne náhodou si kniha získala obrovskou popularitu mezi mladými i dospělými čtenáři a dočkala se již více než 30 vydání. Nyní vychází nově v grafickém provedení Zdeňka Zieglera a s poutavými barevnými ilustracemi Jiřího Gruse.",2008
čeští,,historie,Eduard Petiška,Staré řecké báje a pověsti,"Dávné řecké báje a pověsti zrodila lidová fantazie starověkých Řeků v době, kdy lidé ještě neznali ani železný pluh. Vytvořil je génius slavného národa Helénů a obstály ve zkouškách tisíciletí. Jen těžko si lze představit kulturního člověka, který by nevěděl, kdo byli Herkules nebo Prométheus, Afrodita či Europa, Kyklopové, Sirény, Múzy nebo hromovládný Zeus. Výběr z těchto bájí a pověstí zpracoval na počátku druhé poloviny minulého století spisovatel Eduard Petiška a čtenáři si knihu, napsanou velmi moderně, ale přitom s velkou úctou k tradici, oblíbili hlavně pro její poutavost a svěžest.",2005
čeští,,historie,Eduard Petiška,Staré české báje a pověsti,Bez popisu.,
čeští,,historie,Alois Jirásek,Staré pověsti české,"Knížka od samotného prvního vydání v roce 1894 patří do zlatého fondu české literatury a její znalost patří k základnímu vzdělání. Jirásek tu sebral a beletristicky zpracoval nejznámější české pověsti. Dočteme se mezi nimi např. o praotci Čechovi, Krokovi a jeho dcerách, Přemyslovi i Libušiných proroctvích nebo o staré Praze...",1992
čeští,,historie,Vendula Borůvková,1918 aneb Jak jsem dal gól přes celé Československo,"To si takhle čutáte a najednou bum! Československo! Je pondělí 28. října. Desetiletý Jenda se těší, že si po škole zahraje s kamarády fotbal. Jenže jeho tatínek, učitel Antonín Vosika, s ním má na odpoledne jiné plány. Zatraceně, zdržení před blížícím se důležitým zápasem si Jenda nemůže dovolit! A to ještě netuší, že tohle zdržení se protáhne na několik let a skončí o tisíc kilometrů dál. V roce 1918 vzniklo Československo. Stát, v němž si po dlouhých staletích opět vládli Češi společně se Slováky. Oslavy a provolávání jména prvního československého prezidenta Tomáše Garrigua Masaryka zní dodnes. Děti i mnozí dospělí se přitom sami sebe ptají — co to má všechno propána společného se mnou? Stejnou otázku si kladly tisíce lidí i před sto lety. Hlavně děti se musely podivovat. To se najednou všichni dospělí zbláznili? Takhle jásat nad nějakým starým pánem a podivným slovem republika… Jako Jenda. Ten si chce jen zakopat s kamarády, ať už mluví česky, nebo německy. Nemá však na výběr, Československo nečeká. A Jenda se musí s celou rodinou vydat na dlouhou a dalekou cestu, při níž zjistí, jak se ho celý ten blázinec týká.",2018
čeští,,historie,Markéta Pilátová,Holčička ze známky,"Říká vám něco jméno Eva Haňková? Za první republiky ji znal každý!\n\nEva byla „holčička ze známky“, kterou prezident Masaryk při návštěvě Pardubic zvedl do vzduchu a objal, a z tohoto gesta byla cítit taková radost a optimismus mladé republiky, že se dopisní známka s fotografií holč ičky a TGM prodávala v milionových nákladech a z Evy se stala svého druhu celebrita. Doba se však rychle změnila, přišla válka a komunistický převrat a v Československu se „holčičce ze známky“, nyní emancipované a univerzitně vzdělané mladé ženě, přestalo volně dýchat. Spolu se svým manželem emigrovala do USA, protože toužila po životě ve svobodě. Příběh symbolicky končí setkáním s dalším prezidentem, Václavem Havlem, opět ve svobodné zemi.\n\nAutorka přístupně přibližuje dětem české dějiny 20. století.",2025
zahraniční,,historie,Art Spiegelman,Maus,"K 25. výročí prvního vydání slavného komiksu Arta Spiegelmana Maus vychází první souborné vydání obou dvou dílů knihy v jednom vázaném svazku. Maus je děsivým - a současně hodnotně umělecky ztvárněným - zobrazením holocaustu, které oslovilo miliony čtenářů po celém světě. Místo lidí vystupují v příběhu myši a jiná zvířata - odtud název knihy. Maus je jedním z vrcholných děl moderní světové literatury, která se snaží přispět k tomu, aby lidé nezapomněli na to, co znamenal nacismus.",2012
čeští,,dospívání,Ivona Březinová,Holky na vodítku - série,Bez popisu.,
čeští,,dospívání,kolektiv autorů,Kapuce od mikiny,Bez popisu.,
zahraniční,,dospívání,Silène Edgar,14-14 Přátelství napříč staletími,"Hadrien a Adrien jsou dva třináctiletí kluci, kteří od sebe žijí jen pár kilometrů ve Francii. Mají problémy ve škole, doma a i s dívkami – jako většina kluků jejich věku. Jen jedna věc je od sebe dělí: Hadrian žije v roce 1914 a Adrien v roce 2014. Jejich osudy se záhadně propojí, když si začnou psát dopisy. Myslí si, že píšou jenom vzdálenému bratranci, a vůbec netuší, že jejich dopisy putují časem. Když si Adrien uvědomí, že Hadrien žije před sto lety, rozhodne se ho varovat – blíží se první světová válka a jeho kamarád se musí za každou cenu ukrýt",2017
zahraniční,,říše fantazie,Katherine Paterson,Most do země Terabithia,Bez popisu.,
,,,,,,
,,,,,,
,,,,,,
,,,,,,

